<?xml version="1.0" ?>
<andromedaParseResult successful="true">
	<messages num="3" information="0" warning="3" error="0">
		<message severity="warning" text="The field i is never read">
			<location type="file" name="mytest2.a" line="2" column="1" length="6" offset="18" path="file:///Projects/java/galaxy/test/mytest2.a"/>
		</message>
		<message severity="warning" text="The field j is never read">
			<location type="file" name="mytest2.a" line="6" column="1" length="6" offset="52" path="file:///Projects/java/galaxy/test/mytest2.a"/>
		</message>
		<message severity="warning" text="The field k is never read">
			<location type="file" name="mytest2.a" line="10" column="1" length="6" offset="86" path="file:///Projects/java/galaxy/test/mytest2.a"/>
		</message>
	</messages>
</andromedaParseResult>